{
    "name": "Alist",
    "main": "alist.js",
    "version": 1,
    "type": "js",
    "searchable": false,
    "input":[{
        "name": "URL",
        "key": "url",
        "describe":"http(s)://192.168.1.1:5244"
    },{
        "name": "用户名",
        "key": "userName",
        "describe":""
    },{
        "name": "密码",
        "key": "password",
        "describe":"",
        "type":"secure"
    },{
        "name": "访问令牌",
        "key": "token",
        "describe":"用户名密码或访问令牌二选一",
        "type":"secure"
    }]
}