{
    "name": "Alist_VOD",
    "main": "alist_vod.js",
    "version": 2,
    "type": "js",
    "input":[{
        "name": "服务器地址",
        "key": "url",
        "describe":"http(s)://192.168.1.1:4567"
    },{
        "name": "安全Token",
        "key": "securityToken",
        "describe":"安全Token(如果在【配置-安全订阅】已开启则必填)",
        "type":"secure"
    },{
        "name": "网盘模式",
        "key": "isNetworkDisk",
        "describe":"",
        "type":"bool"
    }]
}